C6,NNS,IN,NNS,VOID
C6,VB,VBG,NNS,IN
C6,IN,JJ,NNS,VOID
C5,AB,NN,IN,DT
C6,VBN,CC,VOID,VOID
C6,VBD,DT,NN,IN
C4,POS,JJ,VBD,DT
C6,NN,CC,VBZ,DT
C5,VB,PP$,TO,AB
C1,DT,JJ,IN,JJ
C6,RB,IN,NNS,VBP
C6,NN,IN,NNS,IN
C6,NN,IN,NNS,RB
C6,CC,VBN,TO,DT
C6,NN,IN,NNS,DT
C1,JJ,JJ,IN,JJ
C6,JJR,NP,NNS,VBZ
C1,VBD,JJ,IN,JJ
C6,VB,JJ,NNS,CC
C6,JJ,NNS,NN,IN
C6,IN,JJR,NNS,TO
C1,JJ,JJ,IN,JJ
C5,VBD,VBG,IN,DT
C1,DT,JJ,IN,VBG
C5,AB,NN,CC,JJR
C6,IN,DT,NNS,PP
C6,JJ,JJ,NNS,IN
C6,AB,JJ,NN,JJ
C6,NN,IN,NN,NN
C6,NN,IN,NN,NN
C6,IN,DT,NN,NN
C6,VB,JJ,NNS,IN
C6,VOID,IN,NNS,VBD
C1,VBG,VBG,IN,NN
C6,VBG,IN,NNS,CC
C6,NNS,DT,IN,WDT
C4,DT,JJ,IN,PP$
C4,DT,JJ,IN,VBG
C6,NN,VBG,NNS,CC
C1,NN,NN,VBD,VBN
C1,JJS,NN,VBD,VBN
C6,NNS,CC,NN,VOID
C6,NN,POS,NN,VBZ
C1,VB,PP$,IN,VBG
C5,AB,NN,IN,DT
C6,RB,VBD,NNS,CC
C6,NN,IN,NNS,VOID
C6,NN,IN,NNS,DT
C6,VB,JJ,NNS,JJ
C6,JJ,JJ,NNS,RB
C1,IN,PP$,IN,DT
C6,IN,JJ,NNS,CC
C1,VB,NN,CC,VBD
C6,VBD,JJ,NNS,VBP
C6,IN,JJ,NNS,IN
C6,WRB,NN,NNS,VBP
C6,NNS,IN,NN,CC
C6,IN,JJR,NNS,AB
C6,CC,VB,NNS,RP
C6,DT,JJ,NN,VBD
C1,VBD,JJ,CC,PP
C1,DT,JJ,IN,NP
C6,CC,JJR,NNS,VBN
C6,PP,VBD,TO,IN
C5,NP,CC,IN,JJ
C5,CC,JJ,IN,DT
C6,VBD,PP$,NN,CC
C6,IN,DT,PP,VBD
C6,NN,JJ,NN,VOID
C6,NN,JJ,NN,VOID
C6,VOID,VOID,IN,DT
C6,NN,IN,NNS,DT
C1,RP,NN,IN,NN
C1,VOID,VOID,VBZ,DT
C6,VB,RP,NNS,IN
C6,NNS,VBP,RB,IN
C1,IN,VBG,IN,DT
C1,VBN,JJ,IN,JJ
C6,PP,VBP,RB,IN
C6,NP,VBZ,NNS,VOID
C6,NN,IN,NN,NNS
C6,VBD,JJ,NNS,VBG
C6,JJR,NP,NNS,CC
C6,VBZ,WRB,NNS,VBP
C6,VBZ,NP,NNS,TO
C6,JJ,JJ,NNS,PP
C6,IN,NP,NNS,DT
C6,NP,POS,NN,NNS
C6,NNS,CC,NN,NNS
C6,IN,DT,NN,NNS
C6,VB,DT,NN,NN
C6,NNS,VBG,NN,NNS
C6,IN,DT,NN,NNS
C6,NP,POS,NN,NNS
C6,NP,POS,NN,NNS
C1,VBZ,VBG,IN,DT
C1,JJ,JJ,IN,NN
C6,NP,VBZ,NNS,RB
C6,VOID,DT,NN,NNS
C6,NN,IN,NNS,VOID
C5,NN,JJ,IN,JJ
C6,VBZ,DT,NN,IN
C5,AB,NN,IN,PP$
C5,CC,NN,CC,IN
C5,AB,AB,IN,NP
C1,RB,JJ,IN,NNS
C6,TO,VB,NNS,VOID
C6,NN,IN,JJ,NNS
C6,NP,VBD,NNS,NP
C6,NN,IN,NNS,MD
C6,IN,JJR,NNS,VBP
C1,VBN,PP$,IN,NN
C6,JJR,JJ,NNS,IN
C1,DT,VBG,IN,DT
C6,IN,JJR,NNS,VBD
C1,VB,DT,IN,JJ
C5,VB,PP$,VOID,VOID
C1,VBD,NN,RB,CC
C6,NN,IN,NNS,MD
C6,CC,WRB,NNS,VBP
C6,TO,JJ,NN,NNS
C1,VB,NN,VOID,VOID
C6,NN,JJ,NN,VBD
C6,VOID,JJ,NNS,VBD
C6,NN,VOID,NN,AB
C6,VB,DT,NN,IN
C6,POS,JJ,NNS,IN
C1,VBZ,PP$,IN,JJ
C1,NN,JJR,IN,NN
C6,RB,VBZ,NNS,VBN
C6,PP,VBD,NNS,JJ
C1,RB,JJ,IN,NP
C1,VOID,NN,IN,NN
C4,DT,JJ,TO,VB
C1,NN,IN,IN,IN
C6,IN,DT,VBZ,DT
C2,VB,IN,TO,NP
C1,VOID,CC,RB,VBD
C1,VOID,CC,VBD,IN
C6,JJ,JJ,NNS,RB
C6,VOID,VBN,NNS,IN
C6,NN,JJ,CC,VBN
C6,VBG,JJR,VOID,VOID
C6,VBD,PP$,NN,TO
C6,VBG,DT,NN,VBG
C6,AB,IN,NNS,IN
C6,VB,DT,NN,IN
C5,VB,DT,WDT,VBZ
C6,NN,WRB,NNS,VBD
C6,JJ,JJ,NNS,VOID
C6,RB,JJR,NNS,MD
C5,AB,NN,TO,NP
C5,AB,NN,IN,DT
C6,VB,PP$,NNS,VOID
C4,IN,DT,IN,JJ
C1,VBD,DT,PP,VBD
C1,VOID,IN,IN,NN
C6,VOID,JJ,NN,IN
C6,IN,DT,NN,IN
C6,NNS,CC,VBP,VBN
C6,IN,DT,IN,DT
C1,VBP,VBN,VOID,VOID
C6,DT,JJ,NNS,NP
C6,NNS,JJ,NNS,VBP
C6,NNS,CC,NNS,MD
C6,NNS,IN,NNS,CC
C6,NNS,IN,NNS,CC
C6,AB,IN,DT,NN
C6,VBD,JJ,NNS,RB
C6,WP,VBP,NNS,VBP
C6,PP,VBD,NNS,VBP
C6,CC,VBD,NNS,RB
C6,DT,NN,NNS,IN
C6,CC,JJ,NNS,AB
C6,TO,JJ,NNS,VOID
C6,NN,VBZ,NNS,VBP
C1,VBZ,JJ,IN,NNS
C6,JJ,NN,VBN,IN
C6,VOID,VBN,IN,DT
C6,NNS,CC,IN,DT
C5,NN,NN,IN,PP$
C6,TO,VB,NNS,IN
C5,NN,VBG,VOID,VOID
C5,AB,NN,IN,DT
C4,DT,JJ,MD,VB
C1,JJ,NN,VOID,VOID
C6,NN,JJ,NNS,CC
C6,NNS,VBP,NNS,VOID
C6,IN,DT,NNS,IN
C6,VBG,JJR,IN,VBN
C6,JJ,NNS,NN,WDT
C4,DT,JJ,VOID,VOID
C6,JJ,JJ,NNS,RB
C2,IN,JJ,IN,NP
C1,RB,JJ,IN,NPS
C6,RB,IN,NNS,VOID
C6,AB,NN,NN,VOID
C6,NNS,WRB,NNS,IN
C4,DT,JJS,IN,NP
C6,NNS,CC,NN,VOID
C6,JJ,NN,VOID,VOID
C5,DT,VBG,IN,DT
C1,JJ,NN,IN,DT
C6,DT,JJ,NN,IN
C6,AB,IN,NNS,IN
C6,NN,WRB,NNS,RB
C6,NN,IN,NNS,VOID
C1,RB,JJ,VOID,VOID
C1,VBP,VBG,VOID,VOID
C6,RB,JJ,VBZ,JJ
C6,IN,JJ,NNS,VOID
C6,NN,IN,NNS,MD
C6,NNS,IN,NNS,VBP
C6,VOID,IN,NNS,VBP
C6,VOID,DT,NN,VBZ
C6,AB,NN,IN,AB
C6,VBP,NN,NNS,IN
C4,DT,JJ,IN,JJ
C6,JJR,NP,NNS,VBP
C6,IN,NP,NNS,WDT
C6,JJ,JJ,NNS,IN
C1,JJ,NN,IN,DT
C1,NNS,POS,IN,VBG
C6,CC,JJ,TO,DT
C6,IN,WRB,NNS,VBP
C6,VB,WRB,NNS,IN
C6,VOID,VOID,IN,JJ
C6,VOID,RB,VBN,RB
C5,MD,VB,IN,DT
C5,DT,NN,IN,DT
C4,DT,JJ,VOID,VOID
C6,NNS,IN,NN,NNS
C1,VBP,IN,NP,NP
C4,VOID,PP$,VBZ,RB
C1,VBP,VBG,IN,JJR
C6,IN,JJ,NNS,RB
C6,VBZ,JJ,NNS,TO
C6,VBD,DT,IN,DT
C6,NN,NN,NNS,VBP
C6,IN,VBG,NNS,RB
C6,CC,DT,NNS,PP
C6,NN,IN,NN,VOID
C6,DT,JJ,NNS,VOID
C1,VBZ,DT,IN,DT
C6,TO,VB,NNS,IN
C6,IN,JJ,NNS,RB
C6,DT,JJ,NN,IN
C6,VBD,DT,NN,IN
C5,IN,PP$,IN,NP
C6,JJ,JJ,NNS,RB
C1,TO,VB,IN,DT
C6,AB,CC,IN,DT
C6,IN,JJR,NNS,RB
C6,VB,PP$,NN,RP
C6,IN,JJ,DT,NN
C6,VB,DT,NNS,IN
C6,VBG,JJ,NP,MD
C6,NNS,POS,VBZ,RB
C6,VBG,DT,NN,RB
C6,TO,VB,IN,NN
C6,VB,DT,NN,TO
C1,JJ,NN,IN,JJ
C1,DT,NN,IN,JJ
C1,VOID,DT,VBZ,VBN
C5,VBG,JJ,CC,VBG
C5,VOID,JJ,VBZ,DT
C6,VB,JJ,IN,PP$
C6,CC,IN,IN,NNS
C6,NN,JJ,CC,NNS
C5,DT,NN,IN,RB
C6,VB,NP,NNS,WRB
C6,PDT,DT,DT,NN
C6,AB,VBG,IN,JJ
C6,AB,IN,MD,VB
C6,IN,DT,DT,NNS
C6,VBG,DT,NN,IN
C1,VBN,JJ,IN,VBG
C6,VBG,DT,NN,NN
C6,VBP,DT,IN,NN
C4,CC,JJ,VOID,VOID
C4,NN,PP$,VBZ,IN
C1,DT,JJ,IN,JJ
C1,RB,JJ,IN,NN
C6,IN,JJR,NNS,VOID
C6,VBZ,VBN,NNS,VBP
C4,DT,JJ,IN,NN
C1,IN,JJ,IN,DT
C5,DT,NN,IN,NP
C5,DT,NN,IN,NP
C6,NN,VBG,TO,VBN
C6,NNS,CC,IN,IN
C6,NNS,IN,IN,RB
C6,VBN,JJ,JJ,TO
C6,NNS,POS,VBN,IN
C1,VBN,JJ,IN,NP
C1,RB,IN,IN,NP
C6,TO,VB,NNS,TO
C6,TO,VB,NNS,IN
C6,VBZ,NNS,CC,NNS
C5,VOID,JJ,IN,NP
C5,VB,JJ,IN,NP
C6,CC,JJ,NNS,NNS
C6,MD,VB,IN,DT
C6,TO,VB,IN,DT
C6,JJR,JJ,NNS,VBD
C6,VBG,JJR,NNS,IN
C6,WRB,JJ,NNS,VBD
C6,NNS,CC,VBZ,VBN
C6,IN,PP$,NN,VOID
C1,IN,JJ,IN,DT
C6,JJ,JJ,NNS,IN
C1,VBG,DT,IN,VBG
C6,NN,CC,NN,VOID
C6,MD,VB,CC,NN
C6,JJ,NN,NN,IN
C6,VB,DT,NN,NNS
C6,RB,VB,RB,VOID
C6,IN,JJ,NNS,JJ
C6,NN,JJ,NNS,VBP
C6,NN,JJ,NNS,VBP
C5,AB,NN,IN,NP
C1,IN,JJ,IN,DT
C6,NNS,IN,NN,CC
C5,IN,PP$,IN,DT
C5,AB,NN,IN,NP
C6,CC,JJ,NNS,IN
C1,NNS,IN,IN,NP
C6,NNS,VBG,IN,NN
C6,NN,IN,IN,JJ
C6,NN,IN,VBN,IN
C1,VBN,DT,IN,VBG
C6,DT,JJ,NN,VBD
C5,NN,VBG,CC,JJ
C5,AB,NN,CC,NP
C6,NN,IN,NNS,VBD
C1,IN,PP$,IN,NP
C6,VB,DT,NN,VOID
C6,JJ,JJ,NNS,RB
C6,VBZ,NN,IN,IN
C6,MD,VB,NN,NN
C6,VB,JJ,IN,DT
C6,NN,CC,IN,PP
C4,JJ,NN,CC,VBP
C3,IN,JJ,NNS,VOID
C1,NN,IN,IN,DT
C5,DT,NN,IN,DT
C6,DT,JJ,NN,CC
C6,IN,DT,NNS,IN
C6,IN,NN,NNS,MD
C5,VOID,JJ,IN,NP
C5,NP,JJ,NNS,VBD
C5,DT,JJ,NNS,VBN
C5,JJ,JJ,IN,NP
C5,NP,JJ,VBZ,IN
C5,VOID,JJ,WDT,VBZ
C5,NNS,JJ,VBD,TO
C5,JJ,JJ,NNS,IN
C5,VOID,JJ,IN,NP
C5,POS,JJ,VBD,AB
C5,JJS,JJ,NN,IN
C5,IN,JJ,IN,DT
C5,PP$,JJ,NN,VOID
C5,VOID,JJ,IN,DT
C5,IN,JJ,VBD,NP
C5,VBZ,JJ,NNS,IN
C5,VOID,JJ,IN,AB
C5,NP,JJ,VBZ,AB
C5,DT,JJ,NN,IN
C6,NN,CC,IN,JJ
C6,NN,CC,NNS,VBP
C1,VOID,VOID,VBZ,RP
C6,IN,JJ,NNS,JJ
C6,IN,JJ,NNS,JJ
C6,VOID,JJ,NN,NNS
C6,VOID,VOID,NNS,RB
C6,NNS,CC,NN,NNS
C6,CC,VB,NNS,IN
C6,TO,VB,NNS,IN
C6,IN,JJR,NN,CC
C5,POS,NN,IN,NP
C6,IN,JJ,NNS,CC
C1,IN,JJ,RB,IN
C1,VB,DT,CC,DT
C1,JJ,JJ,IN,JJ
C1,VB,NN,IN,DT
C5,VBZ,PP$,VOID,VOID
C6,VBG,JJ,NNS,CC
C6,PP$,NN,NN,CC
C6,CC,VBN,TO,DT
C6,TO,VB,NNS,IN
C6,TO,JJR,NNS,CC
C1,VOID,VOID,IN,JJ
C6,JJ,CC,NNS,MD
C1,VB,IN,IN,DT
C6,IN,VBG,NNS,VOID
C6,DT,JJ,NN,IN
C6,NNS,CC,CC,NN
C5,VOID,JJ,VBD,AB
C1,IN,DT,VBN,IN
C1,VB,VBG,IN,VBG
C1,NN,POS,IN,VBG
C1,NP,POS,IN,NP
C5,VBG,JJ,IN,DT
C5,DT,NN,JJ,NN
C6,NNS,IN,NNS,VBP
C6,RBR,IN,NNS,MD
C6,NN,WRB,NNS,VBD
C6,AB,CC,NNS,IN
C6,NN,CC,VBD,RB
C6,NN,CC,VBN,TO
C6,DT,NN,VBZ,VBN
C6,TO,VB,NNS,VOID
C6,VBD,IN,NNS,VBP
C6,MD,VB,NNS,TO
C6,JJ,NNS,NN,TO
C6,VOID,IN,NNS,VBD
C6,NNS,CC,NN,VOID
C6,NNS,IN,NNS,NN
C1,NNS,POS,IN,VBG
C6,NNS,CC,NNS,IN
C6,VBZ,JJ,NNS,JJ
C6,DT,JJ,NN,NNS
C6,VOID,VOID,IN,DT
C6,VBN,TO,NNS,VOID
C3,WP$,JJ,CC,NN
C5,NP,POS,IN,NP
C6,TO,VB,NNS,IN
C1,VBN,JJ,IN,DT
C6,MD,VB,IN,DT
C6,IN,JJ,NNS,NP
C6,IN,VBG,NNS,IN
C1,VBG,NN,IN,PP$
C6,NN,IN,NNS,VBP
C6,JJ,JJ,NNS,RB
C6,VOID,VOID,NN,VBD
C6,VOID,JJ,NNS,IN
C1,DT,JJ,JJR,IN
C6,IN,JJ,NNS,IN
C6,JJ,JJ,NNS,DT
C6,NN,IN,NN,CC
C5,VBP,DT,VOID,VOID
C1,VBP,VBN,JJ,VBZ
C6,VBG,PP$,NN,CC
C6,IN,JJ,NNS,VOID
C6,IN,DT,NNS,CC
C1,VBZ,VBN,IN,NP
C1,NN,VBD,IN,PP
C1,VBZ,DT,IN,VBG
C1,RB,DT,IN,VBG
C6,JJ,JJ,NNS,RB
C6,AB,IN,VBN,IN
C6,DT,JJ,NN,VBD
C6,NNS,IN,CC,NN
C6,RB,JJ,NNS,CC
C6,PP,VBP,NNS,MD
C1,IN,NN,IN,VBG
C1,VOID,PP$,IN,DT
C5,AB,NN,IN,NPS
C6,NN,IN,NNS,CC
C6,MD,VB,NNS,TO
C6,NN,IN,NNS,MD
C6,NNS,CC,NN,VOID
C6,NNS,IN,NNS,VBP
C1,IN,JJ,RB,RB
C6,VB,DT,NN,IN
C6,TO,VB,NNS,VB
C6,IN,JJR,NNS,CC
C5,AB,NN,IN,DT
C1,VBN,RP,IN,NNS
C4,DT,JJ,IN,NP
C6,NN,IN,NNS,RBR
C6,TO,VB,NNS,RB
C6,VB,IN,NNS,CC
C1,RB,JJ,RB,IN
C1,VOID,VOID,MD,VB
C6,JJ,JJ,NNS,VOID
C6,IN,NN,NNS,TO
C5,VB,PP$,IN,DT
C5,AB,NN,IN,DT
C5,JJ,NN,VOID,VOID
C5,AB,NN,IN,NP
C4,VBN,PP$,VOID,VOID
C1,IN,NN,VBD,JJ
C1,JJ,NN,VOID,VOID
C1,VBD,JJ,IN,NP
C1,JJR,NN,IN,DT
C1,VBD,NN,IN,JJ
C1,JJ,NN,VOID,VOID
C1,JJ,NN,VBD,VBN
C1,JJ,NN,VBD,TO
C5,NNS,IN,WDT,RB
C2,IN,JJ,IN,DT
C1,VBN,JJ,IN,JJ
C6,WDT,VBP,IN,JJR
C1,VB,PP$,IN,NN
C1,JJ,NN,IN,NP
C1,VOID,NN,IN,NP
C6,NN,IN,MD,RB
C3,DT,JJ,NN,VBZ
C1,TO,PP$,IN,NN
C1,JJ,NN,VBD,JJ
C1,IN,NP,MD,VB
C4,NP,POS,IN,NP
C5,JJ,JJ,IN,DT
C4,NNS,IN,VOID,VOID
C4,NN,IN,IN,DT
C4,NN,IN,VBZ,NP
C4,NN,IN,VBN,RP
C4,NNS,IN,TO,VB
C4,NNS,IN,VOID,VOID
C4,NN,IN,CC,NN
C4,NNS,IN,RB,VBP
C4,NNS,IN,VOID,VOID
C4,NN,IN,NN,IN
C4,NN,IN,PP,VBZ
C6,NN,IN,NN,VBG
C1,IN,JJ,IN,JJ
C6,IN,JJ,NNS,CC
C6,POS,JJ,NNS,VOID
C5,VBD,DT,VOID,VOID
C6,DT,PP$,IN,NN
C6,NN,CC,NNS,VBP
C6,IN,JJ,IN,DT
C6,JJ,NNS,CC,JJ
C5,CC,DT,IN,DT
C6,VBN,IN,NNS,IN
C6,DT,JJ,NN,VB
C6,RB,IN,NNS,VBP
C6,VOID,IN,NNS,VBP
C6,RB,JJR,NN,IN
C6,RB,JJR,NN,VOID
C1,VOID,NN,RB,VBD
C6,VBG,JJ,NNS,IN
C6,VBG,JJ,NNS,TO
C6,NN,IN,NNS,IN
C1,RB,DT,VBZ,IN
C1,NN,IN,IN,DT
C5,VOID,JJ,IN,DT
C5,IN,JJ,VOID,VOID
C5,DT,JJ,VBD,TO
C5,NP,JJ,VBD,AB
C5,NP,JJ,VBZ,VBN
C5,VOID,JJ,VBZ,DT
C5,IN,JJ,JJ,IN
C5,IN,JJ,IN,JJ
C5,NP,JJ,NN,VBD
C5,VOID,JJ,IN,NP
C5,WRB,JJ,VBD,TO
C5,NP,JJ,NN,NN
C5,DT,JJ,NN,IN
C6,VBP,VB,NNS,IN
C6,RBR,JJ,NNS,VBD
C6,NNS,IN,NNS,IN
C6,IN,JJ,IN,DT
C6,NN,IN,NNS,MD
C6,IN,JJR,NNS,CC
C6,DT,JJ,NN,TO
C1,RB,VBG,IN,DT
C5,DT,NN,IN,NP
C6,NP,VBZ,NNS,RB
C6,VBZ,VBG,NNS,VBP
C6,VBP,JJR,IN,RB
C6,VOID,WRB,NNS,VBP
C6,VBP,IN,NNS,VOID
C6,VBZ,IN,NNS,MD
C6,DT,JJ,NN,CC
C6,NNS,IN,NNS,MD
C6,CC,NN,VOID,VOID
C5,VB,PP$,IN,PP$
C5,VB,PP$,IN,IN
C5,NN,POS,RB,IN
C5,CC,JJ,IN,DT
C4,NP,POS,TO,VB
C5,NP,POS,IN,DT
C6,RB,DT,IN,JJ
C5,VBP,DT,RB,IN
C5,VBZ,DT,IN,AB
C6,NN,VBG,VBD,AB
C5,CC,DT,IN,DT
C6,NNS,CC,NN,VOID
C6,VOID,VOID,MD,VB
C2,VBZ,IN,TO,DT
C3,NN,POS,NN,VOID
C1,JJ,NN,IN,DT
C1,IN,JJ,RB,VBD
C5,DT,JJ,IN,DT
C6,TO,VB,NNS,VOID
C4,IN,JJ,VOID,VOID
C5,DT,VBG,IN,DT
C6,NN,IN,NN,VOID
C6,DT,JJR,NN,VBD
C1,VB,NN,IN,DT
C5,DT,JJ,IN,NP
C6,CC,JJR,NNS,VOID
C5,AB,NN,IN,DT
C5,NP,POS,IN,NP
C5,AB,NN,IN,NP
C6,IN,NP,NNS,VBZ
C1,VOID,NN,VBZ,RB
C1,RB,VBD,IN,PP$
C1,NN,IN,IN,DT
C6,JJ,NP,NNS,VOID
C6,IN,JJ,NNS,VBD
C4,DT,JJS,IN,NNS
C6,IN,JJR,NNS,VOID
C6,NNS,JJR,NNS,CC
C5,NP,JJ,VBD,AB
C1,JJ,NN,RB,IN
C6,IN,RB,NNS,MD
C1,NNS,IN,IN,AB
C6,JJ,JJ,NNS,IN
C6,CC,JJR,NNS,VOID
C6,NN,VBD,NN,VBZ
C6,JJR,JJ,NN,VOID
C6,VBD,DT,NN,TO
C6,NN,CC,NNS,VBD
C5,VBZ,DT,CC,WDT
C5,VBZ,DT,RB,CC
C4,POS,JJS,VOID,VOID
C6,RB,JJR,VOID,IN
C6,NNS,JJR,NNS,CC
C6,IN,JJ,VBN,TO
C6,NN,JJ,NN,CC
C4,IN,JJ,IN,NN
C6,IN,NP,NNS,VBD
C6,VBG,IN,NNS,CC
C6,VOID,VOID,JJ,NNS
C6,NN,VBG,NNS,TO
C5,DT,NN,IN,PP$
C5,AB,NN,IN,NP
C6,IN,JJ,NNS,CC
C4,DT,JJ,VOID,VOID
C4,DT,JJ,VOID,VOID
C6,IN,JJR,NNS,VOID
C6,VBZ,JJ,NNS,JJ
C6,RB,VBG,DT,NN
C6,MD,VB,NNS,IN
C6,NN,IN,VBG,RB
C6,DT,VBN,VBZ,JJ
C6,IN,NN,NNS,DT
C6,IN,RB,NNS,VOID
C6,DT,JJR,NN,PP
C6,RB,VB,IN,IN
C6,NN,IN,VBZ,RB
C6,DT,VBN,VOID,VOID
C6,VOID,DT,NN,VBD
C6,NP,POS,NN,RB
C6,VOID,PP$,NN,VBD
C6,NNS,IN,NNS,NN
C6,AB,VBG,IN,DT
C5,VB,DT,IN,DT
C5,DT,NN,RB,VOID
C6,AB,IN,NNS,VOID
C4,JJS,JJ,IN,DT
C6,VOID,JJ,NN,VBN
C6,VOID,VOID,NNS,IN
C6,NN,CC,VOID,VOID
C6,VB,WRB,NNS,VBP
C6,VOID,VOID,NNS,RB
C6,JJ,JJ,NNS,RB
C1,TO,VB,IN,DT
C6,IN,JJR,NN,JJR
C6,IN,IN,NN,IN
C6,VOID,VOID,NN,IN
C6,VBZ,JJ,NN,NNS
C5,AB,NN,IN,NP
C5,AB,NN,IN,NP
C5,VBZ,DT,IN,DT
C5,IN,JJ,IN,DT
C5,DT,JJ,PP,MD
C6,NNS,IN,NNS,IN
C6,DT,JJ,NN,IN
C6,NN,IN,NNS,VOID
C6,NN,IN,NNS,VBP
C4,DT,JJ,IN,PP
C6,RB,IN,JJ,NNS
C1,VBD,NN,IN,VBG
C6,JJ,JJ,NNS,RB
C6,NNS,CC,IN,JJ
C1,VOID,DT,IN,NNS
C1,DT,NN,IN,JJ
C6,CC,VB,NNS,VOID
C5,AB,NN,IN,DT
C6,NNS,IN,NN,CC
C6,VOID,VOID,MD,VB
C6,IN,JJ,NNS,DT
C6,JJ,JJ,NN,TO
C6,VBD,DT,NNS,IN
C6,IN,JJ,NN,IN
C6,POS,JJ,NN,VBD
C5,IN,DT,IN,DT
C6,DT,JJ,NN,NN
C6,JJ,TO,VBD,AB
C6,JJ,TO,CC,VBD
C6,VOID,JJ,NN,IN
C4,DT,JJS,IN,NP
C6,NN,IN,NNS,CC
C4,VBP,DT,IN,VBG
C1,VBG,NP,IN,DT
C6,NNS,CC,NNS,IN
C4,DT,JJ,CC,RB
C6,IN,VBG,NNS,VOID
C1,VBN,JJR,IN,DT
C6,RB,VB,NN,NNS
C6,NP,WRB,NNS,VBD
C6,IN,JJ,NNS,MD
C5,IN,DT,IN,NP
C6,JJ,NNS,NN,TO
C5,PP$,NN,IN,DT
C6,DT,JJ,NN,VBD
C1,RB,VBN,VOID,VOID
C6,TO,VB,NNS,IN
C6,MD,VB,IN,AB
C1,NNS,IN,IN,DT
C1,NP,IN,VBN,IN
C1,IN,VBN,IN,DT
C1,DT,NN,VOID,VOID
C1,VB,VBN,IN,DT
C1,VB,RP,IN,JJ
C1,NNS,VBP,IN,NNS
C5,AB,NN,IN,NP
C6,AB,NN,NNS,CC
C6,MD,VB,NNS,RB
C6,PP,VBZ,NNS,VBP
C6,VOID,VBN,NNS,IN
C5,AB,NN,IN,NP
C1,IN,JJ,IN,JJR
C1,NN,IN,IN,JJ
C6,NN,IN,CC,NNS
C6,DT,JJ,NN,CC
C6,NNS,CC,CC,VBZ
C6,VOID,VOID,NNS,JJR
C6,RB,VB,NNS,TO
C6,VBP,JJR,NNS,VOID
C6,AB,VBG,IN,AB
C6,VOID,JJ,NN,VBD
C6,VOID,DT,NN,IN
C6,AB,IN,NNS,IN
C6,NN,JJ,NN,MD
C6,VBN,VBG,JJ,NN
C6,AB,IN,NN,IN
C6,JJ,IN,VBD,AB
C6,POS,JJ,NN,IN
C6,IN,JJ,NN,VBG
C6,POS,JJ,NN,VBD
C6,VBN,IN,CC,NNS
C5,NN,POS,IN,NP
C6,VBG,JJ,RB,RB
C6,VBG,CC,NNS,RB
C1,RBS,JJ,DT,JJ
C6,VOID,JJ,NNS,VBD
C1,DT,DT,VOID,VOID
C6,CC,JJR,NN,VOID
C5,AB,NN,IN,NP
C6,JJ,JJ,NNS,RB
C6,NN,IN,NNS,WDT
C5,AB,NN,IN,DT
C6,NN,DT,NN,IN
C1,VBP,JJ,IN,NNS
C6,DT,JJ,NN,TO
C6,JJ,NNS,NN,TO
C6,VBZ,JJ,NNS,MD
C6,RB,JJ,NNS,CC
C6,VB,JJR,NNS,CC
C6,MD,VB,NNS,VBD
C6,VB,JJ,NNS,IN
C6,RB,RB,NNS,MD
C6,NN,IN,NNS,WDT
C6,NNS,CC,NNS,RB
C6,POS,NN,NN,VBZ
C6,TO,VB,NNS,VOID
C1,NP,POS,IN,DT
C6,CC,AB,NNS,VBP
C6,RB,VB,NNS,DT
C6,TO,VB,NNS,IN
C6,NP,VBD,NNS,VOID
C6,RB,VB,NNS,RB
C6,NN,IN,IN,JJ
C6,NN,NN,NNS,RB
C6,VB,DT,CC,DT
C6,NNS,CC,NNS,VBN
C1,VBD,VBN,IN,DT
C6,NNS,IN,NN,IN
C6,VOID,DT,NN,VBD
C6,NN,IN,NNS,IN
C6,TO,VB,NNS,CC
C6,VOID,JJR,NNS,RB
C6,IN,NP,NNS,MD
C6,JJ,JJ,NNS,RB
C6,NNS,VBG,NNS,DT
C6,JJR,NP,NNS,VOID
C5,VBN,PP$,IN,DT
C5,DT,NP,IN,PP$
C6,VBD,JJ,NNS,VBD
C5,AB,NN,IN,DT
C1,NP,POS,IN,DT
C6,NN,IN,NNS,VBN
C6,TO,VB,NNS,TO
C6,VBN,IN,NNS,IN
C6,IN,DT,IN,NNS
C6,VBP,NN,NNS,VOID
C6,VBN,JJ,NNS,CC
C6,IN,AB,NNS,VBP
C6,TO,VB,NNS,RB
C6,JJ,JJ,NNS,RB
C5,DT,NN,VOID,VOID
C6,NN,IN,NNS,CC
C6,IN,JJR,NNS,CC
C6,RP,JJ,NNS,IN
C6,DT,JJ,NN,VBN
C6,VBP,JJ,VOID,VOID
C6,DT,JJ,NN,IN
C6,CC,IN,NNS,VBP
C6,POS,NN,NN,VOID
C6,IN,JJ,NNS,VOID
C6,IN,DT,NNS,CC
C6,IN,DT,NN,NN
C6,IN,NN,NNS,VOID
C6,VB,IN,NNS,VBG
C6,NNS,VBN,NNS,VOID
C6,TO,VB,IN,DT
C6,IN,JJ,CC,DT
C6,JJ,NN,VOID,VOID
C6,VBG,IN,NNS,JJR
C6,VOID,VOID,NN,CC
C6,IN,DT,CC,WP
C4,IN,JJ,VBD,NP
C1,NP,POS,MD,VB
C5,JJ,NN,IN,DT
C1,NP,POS,IN,DT
C6,VB,DT,NN,WDT
C6,DT,JJ,NN,IN
C6,NNS,VBP,NNS,TO
C6,NNS,CC,NNS,VOID
C6,IN,JJ,NNS,NP
C6,IN,NP,NNS,VBG
C6,IN,JJ,NNS,RB
C5,PP$,VBG,IN,NP
C6,NN,IN,NNS,IN
C1,VBN,JJ,IN,DT
C6,VBZ,VBG,NNS,TO
C6,NN,JJ,NN,VOID
C6,NNS,VOID,NNS,CC
C5,VBD,PP$,IN,NP
C6,NNS,CC,NNS,IN
C6,TO,VB,NNS,VBZ
C6,IN,VBG,NNS,VOID
C6,NN,IN,NNS,VBG
C6,NN,IN,CC,JJ
C6,CC,JJ,NNS,IN
C6,VBN,IN,NNS,IN
C6,VBP,NN,NNS,VOID
C4,TO,DT,IN,NN
C6,TO,VB,NNS,VOID
C6,IN,DT,NN,WDT
C6,TO,JJ,NNS,PP
C6,IN,JJ,NN,DT
C6,PP$,JJ,NN,IN
C6,IN,VBG,NNS,RB
C6,DT,VBN,NN,IN
C6,VBN,IN,NNS,CC
C5,DT,NN,IN,DT
C5,JJ,NN,IN,NP
C6,RB,VB,NNS,TO
C6,VOID,PP$,VBZ,JJ
C6,AB,AB,VOID,VOID
C6,VB,PP$,NNS,PP
C6,NNS,IN,CC,NNS
C6,VBP,IN,MD,VB
C6,NN,VBD,IN,DT
C6,POS,JJ,NNS,IN
C1,VBZ,DT,IN,DT
C6,NN,IN,NNS,DT
C6,NN,CC,NNS,DT
C6,AB,NN,NN,IN
C6,JJ,JJ,NNS,RB
C6,PP$,JJ,CC,JJ
C6,DT,JJR,NN,IN
C5,AB,NN,IN,NN
C5,VBD,JJ,IN,NP
C6,JJR,JJ,NN,DT
C6,VOID,JJ,NN,VBD
C6,AB,IN,NNS,VBN
C1,NN,POS,IN,VBG
C6,VOID,VBG,NNS,VBP
C6,PP,VBP,NNS,VBP
C1,NNS,POS,IN,DT
C6,NN,CC,NNS,CC
C6,NN,CC,NNS,VBP
C1,NP,POS,VBD,RB
C6,NNS,IN,IN,NN
C6,IN,NN,IN,DT
C6,CC,JJ,NNS,RB
C1,VBN,DT,IN,NN
C1,VBN,JJ,IN,JJ
C1,VOID,JJ,VBZ,JJ
C1,RB,JJ,IN,JJ
C1,PP,IN,VOID,VOID
C6,IN,JJ,NNS,VOID
C6,JJR,JJ,NNS,IN
C6,VBD,IN,NNS,RB
C6,CC,IN,NNS,VBP
C5,NN,NN,VOID,VOID
C1,NN,IN,VOID,VOID
C6,IN,JJ,NNS,CC
C6,NP,POS,NN,NN
C6,RB,VBG,NNS,TO
C6,RB,VB,NNS,IN
C4,POS,JJ,TO,VB
C6,NNS,CC,IN,AB
C6,IN,JJR,NNS,IN
C1,DT,JJ,IN,NN
C6,NNS,CC,NN,IN
C6,TO,VB,NNS,IN
C6,NN,IN,NNS,VBN
C6,VOID,RB,NNS,IN
C6,VB,DT,NNS,CC
C6,JJ,TO,NNS,IN
C5,DT,JJ,CC,DT
C5,NP,JJ,VBZ,JJ
C5,IN,JJ,IN,NP
C5,JJ,JJ,IN,NN
C5,IN,JJ,CC,JJ
C5,IN,JJ,NNS,VBP
C5,DT,JJ,MD,VB
C6,IN,JJ,NNS,VBN
C6,VBG,JJ,NNS,IN
C6,JJ,JJ,NNS,RB
C1,NN,IN,IN,JJ
C1,NNS,IN,RB,NNS
C1,VBZ,JJ,IN,PP
C6,NN,IN,NNS,IN
C1,VBD,JJ,IN,DT
C6,TO,VB,NNS,IN
C3,JJ,JJ,VBZ,JJ
C1,VBD,VBN,IN,NP
C5,AB,NN,IN,DT
C6,VB,JJ,NNS,VOID
C6,POS,JJ,NN,VBN
C6,VBD,JJ,NN,IN
C6,NN,IN,NNS,CC
C1,VBN,VBN,IN,NP
C6,RB,VB,NNS,RB
C6,NNS,VBD,IN,DT
C6,VB,JJ,IN,DT
C6,AB,NN,NN,AB
C6,NN,IN,JJ,JJ
C6,IN,JJ,NNS,CC
C1,VBD,JJ,IN,DT
C1,IN,DT,IN,DT
C1,TO,VB,IN,NP
C6,IN,JJ,NNS,CC
C6,JJ,JJ,NNS,VOID
C6,VOID,VBN,NNS,IN
C6,VBZ,DT,NNS,VOID
C6,VBD,DT,NN,NN
C6,NN,IN,NNS,MD
C6,VOID,DT,NN,NN
C6,VBZ,DT,NN,NNS
C1,VBP,VBN,IN,VBG
C6,JJ,JJ,NNS,IN
C6,NNS,JJ,NNS,IN
C5,NN,NN,IN,JJ
C5,AB,NN,IN,NP
C6,NN,CC,NNS,IN
C5,JJ,NN,VBD,JJ
C6,NPS,IN,VBN,IN
C6,NP,NPS,VBN,IN
C5,AB,NN,IN,DT
C5,AB,NN,CC,IN
C6,CC,NP,NNS,MD
C1,IN,VBD,IN,DT
C1,VB,PP$,RB,VOID
C1,VBP,VBN,IN,DT
C1,NP,POS,IN,NP
C1,VBD,DT,IN,NP
C6,RB,VB,RB,VOID
C6,NNS,DT,IN,WDT
C5,DT,NN,IN,DT
C6,TO,VB,NNS,IN
C4,NN,POS,VOID,VOID
C6,VOID,JJ,NN,NN
C1,NNS,POS,IN,NN
C1,VBN,JJ,RB,IN
C5,PP$,NN,IN,NP
C6,RB,VB,NNS,TO
C6,NN,CC,NNS,MD
C6,TO,VB,NNS,VOID
C6,TO,VB,NNS,TO
C6,DT,JJR,NNS,MD
C6,NNS,CC,NNS,MD
C6,TO,VB,NNS,VBN
C6,IN,VBG,NNS,VOID
C6,TO,VB,NNS,VOID
C6,NN,IN,NNS,RB
C6,CC,VBG,NNS,IN
C3,PP$,JJ,VBD,TO
C6,NN,VBN,NNS,CC
C6,IN,JJR,NNS,VBD
C6,POS,JJ,NN,IN
C6,IN,JJ,NNS,VOID
C6,NNS,CC,NNS,MD
C6,VBD,JJ,NNS,VOID
C6,VB,NP,NNS,RB
C6,VOID,DT,NN,VBD
C6,VB,VBG,NNS,VOID
C1,VBN,VBN,IN,VBG
C5,AB,NN,NP,NP
C6,RB,VB,NNS,TO
C6,VBG,JJ,NNS,VOID
C4,DT,JJ,CC,PP
C2,IN,JJ,IN,IN
C6,CC,VBG,NNS,VBD
C6,VBP,DT,CC,VBP
C6,TO,VB,NNS,IN
C5,DT,NN,IN,NP
C6,CC,VB,NNS,VOID
C6,NN,NN,MD,VB
C6,JJ,JJ,NNS,RB
C6,AB,IN,NNS,VOID
C6,NNS,CC,NN,IN
C6,NN,IN,NN,VOID
C6,NNS,CC,NN,IN
C6,IN,JJ,NNS,JJ
C6,IN,VBG,NNS,CC
C6,JJ,JJ,NNS,MD
C6,NN,IN,NNS,VOID
C1,IN,JJ,IN,DT
C6,NNS,IN,NNS,IN
C6,NNS,CC,NN,VOID
C1,IN,NN,IN,JJ
C6,NN,VBD,NNS,VOID
C6,JJS,JJ,NNS,VBP
C6,RB,VB,NNS,TO
C6,IN,VBG,NNS,VBD
C6,IN,VBG,NNS,JJ
C6,JJS,JJ,NNS,VOID
C1,NNS,CC,IN,JJ
C6,TO,VB,IN,DT
C1,IN,NN,MD,VB
C1,VBN,DT,IN,AB
C5,DT,NN,IN,DT
C1,NP,POS,IN,DT
C1,VB,VBN,IN,DT
C6,POS,VBN,NN,NNS
C6,POS,JJ,NN,NN
C6,IN,DT,NN,NN
C6,JJ,IN,NN,NNS
C1,CC,DT,IN,DT
C6,NN,VBG,VBZ,VBN
C6,JJS,JJ,NN,DT
C6,VOID,JJ,NNS,IN
C6,VBZ,JJ,NN,VBN
C6,CC,JJ,VOID,VOID
C6,IN,JJ,VBG,IN
C6,NN,IN,NNS,CC
C6,NP,POS,NN,IN
C6,IN,DT,NN,IN
C6,VBD,JJ,NNS,RB
C6,JJ,JJ,NNS,PP
C6,IN,JJ,NNS,PP
C6,VB,NN,NNS,IN
C6,IN,DT,NNS,IN
C6,IN,JJ,NN,VOID
C6,TO,VB,NNS,IN
C5,DT,NN,IN,DT
C6,$,AB,NN,IN
C1,VBD,DT,IN,DT
C1,JJ,NN,WDT,MD
C1,VBP,DT,IN,VBG
C4,IN,DT,IN,DT
C5,NN,NN,IN,NP
C6,VB,RP,NNS,VOID
C5,RP,PP$,IN,NP
C6,JJ,JJ,NNS,RB
C4,DT,JJ,VOID,VOID
C6,VOID,VOID,IN,AB
C6,VOID,VOID,NNS,RB
C6,VOID,IN,NNS,VBP
C1,DT,JJ,IN,AB
C1,PP$,JJ,IN,DT
C1,VBN,DT,IN,NN
C6,TO,VB,NNS,TO
C6,TO,JJR,NNS,IN
C6,NP,VBZ,NN,NN
C6,VOID,JJR,NNS,VBP
C6,VBG,PP$,NNS,JJ
C6,IN,VBG,NNS,TO
C6,IN,JJR,NNS,IN
C1,VBP,VBN,IN,VBG
C6,NN,IN,NNS,DT
C6,TO,VB,NNS,IN
C6,VBP,JJ,NNS,MD
C6,IN,DT,NN,IN
C6,NNS,IN,NNS,MD
C6,VOID,VOID,NNS,VBD
C6,VOID,JJ,NNS,VBD
C1,VB,IN,IN,PP$
C6,IN,JJ,NNS,JJ
C6,JJ,JJ,NNS,VBP
C1,DT,JJ,VOID,VOID
C1,CC,PP$,IN,NNS
C6,VBG,IN,NNS,NN
C6,IN,JJR,NNS,VBD
C6,TO,VB,NNS,VOID
C1,VB,DT,IN,VBG
C6,TO,VB,NNS,IN
C6,TO,VB,CC,NNS
C6,IN,JJ,IN,IN
C1,NN,VBZ,VOID,VOID
C6,IN,JJR,NNS,VBD
C1,IN,VBG,IN,NP
C6,NN,IN,NNS,IN
C6,DT,JJ,NN,NN
C5,NN,JJ,IN,JJ
C6,IN,NP,NNS,VOID
C6,IN,VBG,NNS,VOID
C6,NN,CC,NN,RB
C6,VOID,IN,NNS,VBP
C6,VOID,VBG,NNS,RB
C6,VBP,IN,NNS,VB
C6,VB,DT,IN,PP
C6,VOID,IN,NNS,VBG
C6,IN,JJR,NNS,VOID
C6,NN,IN,NNS,VBP
C4,DT,JJ,IN,NN
C6,CC,JJ,NNS,NNS
C1,TO,JJ,IN,NNS
C6,POS,JJ,NNS,VOID
C1,VBZ,VBN,IN,VBG
C5,POS,NN,IN,DT
C5,PP$,NN,IN,NP
C6,TO,VB,NNS,IN
C6,DT,JJ,NN,IN
C5,AB,NN,IN,DT
C5,VBD,PP$,IN,DT
C5,NP,POS,TO,AB
C5,DT,JJ,IN,DT
C1,NN,JJ,IN,JJ
C6,VBD,JJR,NNS,IN
C6,VBP,VBN,NNS,IN
C6,JJR,JJ,NNS,CC
C6,VB,JJ,NNS,RB
C6,VBD,VBG,NNS,IN
C6,TO,VB,NNS,TO
C6,PP,VBZ,NNS,TO
C6,NN,IN,NNS,VOID
C6,VOID,VOID,IN,NNS
C5,JJ,NN,IN,NP
C4,IN,DT,IN,NN
C6,IN,JJ,NNS,VOID
C1,DT,JJ,IN,NP
C1,PP$,JJ,IN,DT
C6,NN,CC,NNS,VOID
C6,NN,CC,NNS,CC
C1,VBN,DT,IN,VBG
C6,IN,NN,VOID,VOID
C6,CC,VBN,TO,DT
C6,NN,JJ,NN,VBZ
C6,RB,VB,IN,JJR
C6,VBG,NN,IN,DT
C6,VBG,PP$,CC,JJ
C1,VBN,DT,IN,DT
C1,NP,POS,IN,NP
C6,NN,IN,NN,NNS
C1,VOID,VOID,IN,NN
C1,DT,NN,VBG,PP
C6,IN,JJ,NNS,VOID
C6,NN,IN,NNS,VBG
C6,VOID,VOID,NNS,VBD
C1,JJ,NN,CC,VBD
C6,NP,VBD,NNS,VOID
C6,RB,IN,NN,NNS
C5,VOID,JJ,NNS,VBN
C5,VOID,JJ,VBZ,DT
C5,DT,NN,IN,NP
C6,JJ,JJ,NNS,RB
C6,VBD,IN,NN,NNS
C6,TO,VB,NNS,DT
C6,VB,NN,NNS,VB
C6,JJ,NP,NNS,VBN
C5,AB,NN,IN,NP
C6,NNS,CC,NNS,VOID
C1,VBP,DT,IN,NN
C6,IN,NP,NN,NNS
C6,IN,JJ,NNS,VOID
C6,DT,JJR,NNS,VBP
C6,JJ,JJ,NN,NN
C1,VBD,NN,IN,DT
C6,NN,IN,NNS,CC
C6,PP$,JJ,NNS,IN
C6,POS,JJ,NNS,TO
C5,NP,POS,IN,DT
C6,AB,IN,NN,CC
C6,NNS,IN,NNS,CC
C6,IN,JJ,NNS,IN
C6,CC,JJ,IN,$
C4,DT,JJ,VOID,VOID
C4,DT,JJ,VOID,VOID
C6,NNS,IN,NNS,CC
C4,DT,JJ,VOID,VOID
C6,VBD,IN,NNS,IN
C6,IN,JJ,NNS,DT
C6,VB,JJ,NNS,VOID
C6,JJ,VBZ,NNS,VBD
C6,IN,VBG,NNS,IN
C6,RP,IN,NNS,MD
C1,JJ,JJ,IN,NN
C6,VOID,IN,NNS,IN
C6,NN,CC,VBN,IN
C6,NN,CC,IN,NN
C6,JJS,JJ,NN,VOID
C6,JJS,JJ,NN,IN
C6,JJ,NNS,IN,DT
C6,VOID,WP,NN,MD
C6,DT,VBN,NN,MD
C6,RB,JJR,NNS,TO
C6,VBP,DT,NN,VBG
C6,DT,JJR,NN,IN
C6,DT,NN,NNS,VBP
C1,WP,VBP,IN,DT
C4,DT,JJ,IN,VBG
C6,JJ,JJ,NN,IN
C6,PP,VBP,NNS,WDT
C6,VBG,JJ,NNS,VBD
C6,RB,VB,RB,VOID
C6,IN,JJ,NNS,JJ
C6,VOID,VOID,IN,DT
C6,VB,IN,NNS,IN
C1,VBP,JJ,IN,VBG
C6,IN,NP,NNS,MD
C6,DT,JJ,NN,NN
C1,VOID,NN,NN,VBD
C1,CC,NN,WDT,VBD
C6,JJ,JJ,NNS,MD
C6,IN,IN,NN,VOID
C6,VOID,VBG,NNS,RB
C6,VB,DT,IN,PP
C6,IN,VBG,NNS,VOID
C6,JJ,NNS,NNS,MD
C6,VB,JJ,NNS,RBR
C6,TO,VB,NNS,VBP
C6,DT,JJ,NN,IN
C1,IN,JJ,VOID,VOID
C5,DT,NN,IN,DT
C1,VBP,JJR,IN,NNS
C1,IN,JJ,VBZ,NP
C6,IN,JJ,NNS,VOID
C6,VBD,JJ,NNS,VBP
C6,NNS,VBP,NNS,VBP
C6,VBZ,DT,NN,VBZ
C6,AB,NN,VOID,VOID
C5,VB,DT,IN,NP
C6,NNS,IN,NNS,DT
C6,IN,JJ,NNS,CC
C1,VBD,DT,IN,NNS
C5,IN,DT,IN,DT
C5,CC,DT,IN,NP
C6,CC,JJ,RB,IN
C6,TO,VB,NNS,IN
C6,CC,JJ,NNS,VOID
C1,DT,JJ,IN,VBG
C6,TO,VB,NNS,TO
C6,NN,IN,NNS,VOID
C1,VBZ,VBG,IN,NN
C6,JJ,JJ,NNS,RB
C6,VBD,JJ,NNS,CC
C6,JJ,JJ,NNS,RB
C6,CC,JJ,IN,NP
C1,NN,IN,IN,NN
C1,NN,IN,RB,VBD
C6,JJ,CC,NNS,VBP
C6,DT,JJ,NN,VOID
C1,VB,JJ,IN,NP
C2,NN,IN,DT,NP
C1,DT,VBG,IN,NPS
C1,VBN,DT,IN,VBG
C5,VB,JJ,IN,CC
C6,VB,JJ,NNS,WDT
C6,TO,VB,NNS,RB
C6,VB,JJ,NNS,IN
C6,VOID,JJR,NNS,RB
C4,DT,JJS,IN,NP
C6,IN,DT,VBN,IN
C6,VBG,RP,NNS,IN
C6,VBN,IN,NNS,IN
C1,NP,POS,IN,DT
C1,VBN,DT,IN,VBG
C1,NNS,VBP,VBD,RB
C6,DT,JJ,NN,VBD
C5,DT,JJ,IN,DT
C5,NP,POS,CC,DT
C5,NN,NN,CC,DT
C5,NN,NN,IN,DT
C5,NN,NN,CC,DT
C5,NN,NN,IN,DT
C1,VBZ,VBN,IN,VBG
C5,NP,POS,DT,JJ
C6,NNS,IN,CC,NNS
C5,PP$,NN,IN,DT
C6,JJ,NP,NN,NN
C1,VBD,NN,IN,IN
C6,JJR,NP,NNS,VBP
C6,NN,IN,NNS,CC
C1,JJ,NN,VOID,VOID
C1,IN,PP$,VBZ,IN
C6,CC,DT,NN,IN
C6,IN,DT,NN,NN
C5,AB,NN,IN,DT
C1,VOID,VOID,IN,DT
C6,NN,IN,NNS,MD
C1,IN,JJ,IN,PP
C6,VB,VBG,NNS,IN
C6,IN,JJR,NNS,VOID
C6,IN,JJR,NNS,VBG
C6,VOID,JJ,NNS,VBD
C6,VBG,JJ,NN,IN
C6,IN,JJR,NN,VBG
C1,NNS,IN,IN,NN
C1,DT,JJS,VOID,VOID
C1,VOID,VOID,IN,DT
C6,VBG,TO,NNS,IN
C5,IN,PP$,IN,AB
C6,VBN,IN,NNS,IN
C6,IN,DT,IN,NNS
C6,VBP,NN,NNS,VOID
C1,NP,POS,IN,DT
C1,VB,JJ,WDT,VBZ
C1,NNS,IN,IN,PP$
C6,NN,IN,CC,VB
C6,VBD,JJ,NNS,VBP
C4,DT,NP,VBZ,IN
C6,VOID,VBN,NNS,IN
C6,IN,JJ,NNS,CC
C5,VBD,PP$,IN,JJ
C5,VB,PP$,TO,AB
C1,VBZ,PP$,IN,JJ
C6,IN,VBG,NNS,RP
C6,NP,VBZ,NNS,TO
C5,NN,VBG,IN,DT
C5,NN,DT,IN,AB
C6,AB,IN,NNS,JJ
C6,NN,CC,VBN,TO
C6,JJ,JJ,NNS,RB
C6,NNS,IN,CC,DT
C6,NN,VBZ,NNS,MD
C6,IN,JJ,CC,DT
C6,CC,VBZ,NNS,VOID
C6,TO,VB,NNS,DT
C6,VOID,JJR,NNS,RB
C6,VB,NP,NNS,IN
C6,VBP,JJ,NNS,VBP
C6,TO,VB,NNS,IN
C1,VBP,VBN,IN,DT
C6,IN,VBG,IN,DT
C5,DT,NN,IN,NP
C6,IN,JJR,NNS,VBP
C6,WDT,NP,NNS,MD
C1,VBZ,VBG,IN,NN
C6,VOID,VOID,NNS,VBD
C6,JJ,JJ,NNS,VOID
C6,NNS,CC,IN,PP
C6,IN,NN,NNS,VOID
C5,AB,NN,TO,VB
C1,VBP,VBN,IN,DT
C6,IN,DT,NN,NN
C6,IN,DT,NN,NN
C6,NNS,IN,NNS,WDT
C5,NN,JJ,IN,DT
C5,AB,NN,IN,NN
C5,DT,VBG,IN,NP
C1,IN,JJ,IN,PP
C4,DT,JJS,IN,DT
C6,NN,CC,NNS,VOID
C6,RB,VBD,IN,PP$
C5,DT,NN,IN,DT
C6,VB,VBG,IN,DT
C6,DT,NN,NN,TO
C1,JJ,JJ,IN,PP$
C6,NN,CC,NNS,VBG
C6,NN,IN,NN,VBN
C6,IN,JJ,CC,TO
C6,WDT,IN,CC,NNS
C5,VBD,PP$,IN,NP
C6,NN,IN,VOID,VOID
C6,IN,JJ,NNS,MD
C6,NNS,IN,NNS,IN
C2,NN,TO,JJ,JJ
C1,NN,IN,VBZ,RB
C6,CC,JJ,NNS,VOID
C6,DT,JJ,NN,IN
C6,VBN,JJ,NNS,TO
C6,VBG,RP,NNS,IN
C6,NN,DT,NN,VBZ
C6,NN,IN,NN,NN
C6,NN,IN,NNS,IN
C6,VBZ,DT,NN,IN
C6,NN,CC,NN,DT
C6,NN,IN,NNS,CC
C6,VOID,IN,NNS,VBD
C6,NN,IN,NNS,DT
C1,VBN,JJR,IN,NP
C1,VBD,PP$,IN,VBG
C1,IN,PP$,IN,NNS
C6,VOID,IN,NNS,VBD
C6,PP$,JJ,NN,DT
C6,JJ,JJ,NNS,IN
C5,AB,NN,IN,DT
C6,VBZ,JJ,NNS,VOID
C1,VBZ,PP$,IN,VBG
C6,JJ,JJ,NNS,VOID
C6,VB,JJ,NNS,IN
C6,NN,IN,NNS,IN
C6,IN,VBG,NNS,JJ
C6,CC,JJ,NNS,CC
C6,IN,JJ,NN,NNS
C6,NN,IN,NNS,PP
C6,VOID,JJR,NNS,VBP
C6,NNS,CC,NNS,VOID
C6,IN,VBG,NNS,RB
C6,NN,IN,NNS,MD
C6,CC,IN,NNS,VBP
C6,VBZ,DT,NN,IN
C6,VBZ,JJ,NNS,NNS
C1,DT,VBG,IN,JJ
C4,IN,DT,IN,DT
C5,NP,POS,IN,NP
C5,AB,JJ,IN,NP
C4,VB,DT,PP,VBP
C5,AB,NN,IN,DT
C1,NNS,IN,IN,DT
C5,DT,NN,IN,VOID
C6,CC,JJ,NNS,MD
C6,TO,VB,NNS,TO
C6,JJ,JJ,NNS,VOID
C6,IN,NP,NNS,VBP
C6,MD,VB,NNS,RB
C6,VBZ,VBN,NNS,IN
C1,IN,JJ,IN,DT
C1,RB,PP$,MD,RB
C6,VOID,VOID,NNS,VBD
C6,VBZ,NN,NNS,CC
C6,IN,NP,NNS,VOID
C4,NN,POS,VBD,VBN
C4,PP$,JJ,IN,VBG
C1,VBP,VBN,VOID,VOID
C6,NN,CC,NN,NNS
C6,RB,IN,IN,DT
C6,RB,VBG,IN,DT
C6,IN,JJ,NNS,CC
C1,DT,NN,IN,DT
C6,IN,JJ,NNS,DT
C6,POS,JJ,NN,VBD
C1,DT,JJ,IN,VBG
C1,NP,POS,IN,JJ
C1,IN,DT,IN,JJ
C1,VB,IN,IN,DT
C1,NN,IN,IN,DT
C1,VBN,VBG,IN,JJ
C5,IN,DT,IN,PP$
C6,TO,VB,NNS,RB
C1,NP,POS,IN,NNS
C5,AB,NN,IN,NP
C1,NP,NP,DT,NN
C6,CC,JJ,TO,DT
C6,VBN,NP,MD,VB
C6,IN,JJ,NNS,JJ
C6,NN,JJ,NNS,RB
C6,JJ,JJ,NNS,RB
C4,PP$,JJS,PP,VBZ
C1,NNS,VBG,IN,DT
C6,VBP,WRB,NNS,VBP
C6,VB,IN,NNS,VBD
C6,IN,DT,NN,WDT
C6,AB,NN,NNS,CC
C6,DT,JJ,NNS,VBD
C6,VBN,JJR,NNS,CC
C6,MD,VB,NNS,WDT
C6,NN,DT,IN,DT
C6,VB,NP,NNS,VB
C5,JJ,NN,MD,RB
C6,NN,IN,NNS,CC
C6,IN,NP,NNS,MD
C4,PP$,JJS,PP,VBZ
C5,IN,JJ,IN,NN
C5,NP,JJ,VBD,IN
C6,IN,JJ,NNS,CC
C6,RB,IN,NN,VBN
C6,IN,NN,NNS,VOID
C6,NN,IN,IN,NN
C6,NN,NNS,NNS,NN
C6,NP,POS,NN,IN
C6,AB,NN,VBP,RB
C6,VBD,JJ,IN,VBG
C6,VB,DT,IN,DT
C6,VOID,DT,PP,VBP
C6,DT,JJR,NN,IN
C1,VBZ,DT,IN,VBG
C1,VBG,JJ,IN,DT
C4,DT,JJ,VOID,VOID
C6,NN,CC,NN,CC
C2,NN,DT,RB,DT
C5,NN,VBG,CC,NP
C5,AB,NN,VOID,VOID
C1,VBP,VBN,IN,VBG
C1,IN,PP$,PP,VBD
C1,CC,VB,IN,JJ
C6,NN,CC,NN,VBZ
C6,NN,VBG,NNS,TO
C6,NNS,IN,NNS,IN
C6,VBP,JJR,NNS,IN
C6,VBP,JJR,NNS,IN
C1,IN,JJ,IN,DT
C5,AB,NN,IN,DT
C6,VB,JJ,IN,AB
C6,IN,JJ,NNS,JJ
C6,TO,JJR,NNS,VBG
C5,NP,POS,RBR,IN
C6,TO,VB,NNS,RBR
C6,NN,IN,NNS,NP
C6,CC,JJR,NNS,IN
C4,NNS,IN,VBZ,DT
C5,DT,NN,IN,NP
C5,AB,NN,IN,NP
C5,AB,NN,IN,NP
C6,JJ,JJ,NNS,RB
C4,NN,POS,CC,IN
C4,NN,POS,TO,VB
C1,VBD,JJ,IN,DT
C1,NP,VBD,IN,NN
C1,VB,JJ,IN,NNS
C6,IN,NP,NNS,CC
C6,IN,DT,NN,NN
C6,TO,VB,NNS,VOID
C6,IN,JJ,NNS,VBZ
C6,IN,JJ,NNS,CC
C5,AB,NN,VBN,IN
C2,VBZ,IN,TO,DT
C1,CC,PP$,IN,VBG
C6,MD,VB,NNS,IN
C1,VBN,JJ,IN,DT
C6,IN,JJ,NNS,CC
C3,POS,JJ,VBZ,TO
C6,PP$,JJ,NNS,JJ
C6,NNS,IN,IN,DT
C6,CC,VBN,VOID,VOID
C6,NNS,DT,IN,DT
C4,IN,DT,IN,DT
C4,IN,DT,IN,DT
C5,RB,JJ,VBD,TO
C5,NN,JJ,IN,NP
C6,NP,VBZ,IN,AB
C4,DT,JJS,IN,PP$
C4,DT,JJR,VBG,JJR
C6,DT,JJ,NN,VBD
C6,VB,DT,VBN,IN
C6,PP$,JJ,CC,NN
C6,NN,CC,VBZ,RB
C6,CC,DT,MD,VB
C5,AB,NN,VOID,VOID
C6,JJ,JJ,NNS,RB
C6,VB,VBG,NNS,IN
C6,VBN,VBG,NNS,IN
C6,NN,JJ,NNS,IN
C6,AB,AB,NN,TO
C6,JJ,JJ,NNS,RB
C4,NN,IN,IN,NNS
C1,VOID,CC,VBZ,VBG
C1,IN,VBG,IN,JJ
C5,AB,NN,CC,VBG
C6,VB,JJR,NNS,IN
C1,NN,IN,IN,NNS
C6,VB,RP,NNS,RB
C6,JJ,JJ,NN,NNS
C6,VB,VBG,NNS,IN
C1,NNS,VBD,IN,DT
C6,IN,NP,NN,NNS
C6,IN,VBG,NNS,VOID
C6,IN,JJ,NNS,VBP
C6,NNS,POS,NNS,VOID
C6,IN,VBG,NNS,CC
C5,AB,NN,IN,AB
C5,VOID,JJ,VBD,AB
C6,NN,IN,NNS,MD
C5,AB,NN,IN,JJ
C5,PP$,VBG,IN,DT
C5,NP,DT,IN,NP
C5,AB,NN,IN,PP$
C1,NNS,POS,VOID,VOID
C5,NN,JJ,IN,PP$
C6,VB,JJ,NNS,VOID
C6,JJR,JJ,NNS,RB
C6,NN,IN,NNS,NNS
C6,IN,DT,NN,NN
C1,VBN,PP$,IN,VBG
C5,VBD,NN,IN,NP
C5,VOID,JJ,IN,DT
C5,NP,JJ,VBD,JJ
C5,IN,JJ,VBD,RB
C5,NP,JJ,IN,DT
C5,IN,JJ,IN,DT
C5,NNS,JJ,IN,NP
C5,VOID,JJ,IN,NP
C5,PP$,JJ,NN,AB
C5,VOID,JJ,IN,NP
C5,VOID,JJ,VBZ,DT
C5,IN,JJ,VBZ,NN
C5,IN,JJ,IN,JJ
C5,VBZ,JJ,NNS,IN
C5,AB,JJ,IN,AB
C5,NP,JJ,VBD,RB
C5,DT,JJ,NN,IN
C1,DT,JJ,IN,VBG
C4,NN,IN,IN,PP$
C1,VB,DT,IN,VBG
C6,VOID,IN,NNS,DT
C6,DT,JJ,NN,IN
C6,RB,VBP,NNS,IN
C6,NN,IN,NNS,VBD
C6,VB,TO,NNS,VOID
C6,MD,VB,NNS,IN
C6,RB,IN,NNS,VBP
C6,JJR,IN,IN,PP
C6,PP,VBP,NNS,VBP
C5,NN,NN,IN,NP
C6,POS,NN,NNS,MD
C6,VBZ,VBN,NNS,AB
C6,VBD,IN,NNS,MD
C6,TO,VB,NNS,RB
C6,IN,JJR,NNS,MD
C6,TO,JJ,NNS,VOID
C6,VOID,VBN,NNS,IN
C6,DT,VBN,NNS,VOID
C6,NN,IN,IN,DT
C1,NN,POS,VBD,JJ
C6,JJ,JJ,NNS,IN
C6,DT,JJR,NN,CC
C6,IN,WDT,MD,VB
C6,WDT,VBP,IN,DT
C6,TO,VB,NNS,TO
C6,NN,IN,NNS,VOID
C6,NN,JJR,NNS,VBP
C6,IN,JJ,NNS,NNS
C6,IN,IN,NNS,TO
C6,NN,CC,VBG,TO
C6,IN,PP$,NNS,VOID
C3,IN,JJ,NNS,VOID
C1,NNS,POS,IN,NP
C4,NN,IN,VBD,RB
C6,DT,NP,NN,NNS
C1,NNS,VBD,IN,VBG
C6,JJ,JJ,NNS,CC
C6,CC,JJR,NNS,NNS
C1,VB,NN,VBG,NP
C1,NN,IN,IN,JJ
C1,VBD,JJ,IN,JJ
C6,NN,IN,NN,NN
C6,IN,NP,NN,NNS
C6,JJR,JJ,NNS,IN
C5,NN,NN,IN,NP
C1,IN,NP,VBZ,VBG
C4,DT,JJ,VBZ,VBN
C6,MD,VB,NNS,VOID
C6,NP,JJ,NNS,VBP
C6,IN,VBG,NNS,RB
C6,VB,JJ,NNS,CC
C5,AB,NN,IN,DT
C1,VBZ,VBG,IN,JJ
C5,AB,NN,PP,VBD
C6,NNS,IN,NNS,CC
C1,JJ,NN,VOID,VOID
C1,DT,VBG,IN,DT
C1,VB,JJ,IN,DT
C1,NN,IN,IN,NP
C6,MD,VB,NNS,RB
C1,VBN,DT,IN,VBG
C1,VBD,DT,IN,JJ
C5,VBP,PP$,AB,IN
C3,JJ,NN,IN,NP
C6,JJ,JJ,NNS,RB
C6,NNS,IN,NNS,VBD
C6,TO,VB,NNS,IN
C6,VB,RP,NNS,DT
C6,IN,JJ,NNS,CC
C6,DT,JJ,NN,IN
C1,PP$,JJ,IN,NP
C4,DT,JJ,TO,VB
C6,AB,NN,NN,IN
C4,POS,JJS,VOID,VOID
C6,MD,VB,NNS,IN
C5,DT,JJ,IN,DT
C6,DT,JJ,NN,CC
C6,DT,JJ,NNS,PP
C6,VOID,RB,NNS,VBP
C6,NNS,IN,VOID,VOID
C5,VB,DT,IN,NP
C1,DT,JJS,IN,DT
C1,VBZ,VBN,IN,DT
C5,AB,NN,IN,NP
C5,DT,NN,IN,DT
C6,VBN,CC,NNS,VBP
C6,TO,VB,NNS,DT
C6,RP,JJR,NNS,WDT
C6,NN,IN,CC,NN
C6,NNS,IN,NNS,VOID
C6,CC,JJ,TO,DT
C6,JJ,IN,NNS,MD
C6,VBP,JJR,NNS,DT
C6,JJ,NP,NNS,VBP
C6,VBG,JJR,NNS,IN
C6,VBP,JJR,NNS,VBZ
C6,VB,RP,NNS,VOID
C6,NNS,VBP,NNS,VBP
C6,JJ,IN,NNS,MD
C1,IN,DT,VBN,VOID
C6,TO,VB,JJ,NP
C5,NN,IN,WDT,VBZ
C5,DT,JJ,CC,VB
C1,VBD,JJ,IN,VBG
C6,PP,VBD,NNS,VOID
C6,PP,VBD,NNS,VOID
C6,TO,VB,NNS,TO
C6,NN,IN,NN,NNS
C5,IN,JJ,IN,NP
C5,NN,JJ,IN,NP
C6,AB,IN,JJ,NN
C5,IN,PP$,IN,NP
C6,NNS,CC,IN,DT
C5,AB,NN,IN,NP
C5,DT,NN,PP,VBD
C1,VOID,NN,IN,NP
C6,VBN,DT,NNS,IN
C1,VOID,NN,VBD,RB
C6,CC,JJ,NNS,JJ
C6,IN,VBG,NNS,JJ
C4,DT,JJ,CC,VBG
C6,JJ,JJ,NNS,VBD
C6,RP,NN,NNS,DT
C6,JJ,JJ,NNS,VBP
C5,VBD,DT,IN,DT
C1,NN,IN,IN,JJ
C6,TO,VB,NNS,VB
C6,VBD,RP,NNS,TO
C6,IN,DT,NN,VBZ
C6,VOID,VOID,NNS,MD
C6,NN,CC,CC,RB
C1,TO,VB,VOID,VOID
C1,VBD,JJ,IN,NNS
C4,DT,JJS,IN,NNS
C6,IN,VBG,NNS,IN
C1,NN,IN,NP,NP
C5,VOID,JJ,IN,DT
C5,NP,JJ,VBD,TO
C5,NP,JJ,VBD,AB
C5,VOID,JJ,VBZ,DT
C5,IN,JJ,JJ,IN
C5,IN,JJ,IN,JJ
C5,NP,JJ,NN,VBD
C5,JJ,JJ,NN,VOID
C5,IN,JJ,NN,VBD
C5,DT,JJ,NN,IN
C1,DT,JJ,IN,PP
C6,JJ,NP,NNS,CC
C6,NNS,IN,NNS,CC
C6,PP$,JJ,NNS,VBD
C6,AB,NN,NN,VOID
C6,NN,VBP,NNS,IN
C5,NNS,NN,VBN,NN
C4,POS,JJ,TO,VB
C1,NP,POS,IN,NP
C1,TO,VB,IN,DT
C6,NP,JJR,NNS,DT
C6,PP$,JJ,NNS,IN
C6,CC,JJ,NNS,VBD
C6,NP,IN,NNS,IN
C1,VBD,PP$,RBR,DT
C5,AB,NN,RB,VBN
C1,NP,POS,IN,VBG
C4,NN,IN,IN,NP
C4,NN,IN,MD,VB
C6,TO,VB,IN,NN
C6,VB,JJ,NNS,JJ
C6,VB,JJ,NNS,IN
C6,VBD,JJ,NNS,JJ
C6,RB,VB,NNS,JJR
C6,IN,DT,VBN,IN
C4,RB,JJS,IN,NP
C6,JJ,JJ,NNS,IN
C6,VBZ,VBN,NNS,IN
C6,JJR,CC,NNS,VBP
C6,NN,IN,NNS,PP
C6,CC,VB,NN,VB
C5,NP,JJ,VBD,AB
C5,AB,NN,VOID,VOID
C4,DT,JJ,IN,JJ
C6,IN,WDT,NNS,VOID
C5,DT,JJ,IN,NP
C1,VB,JJ,IN,EX
C1,VB,PP$,IN,DT
C4,NNS,POS,IN,VBG
C4,CC,PP$,IN,VBG
C6,NNS,CC,NNS,VBP
C5,IN,PP$,TO,NP
C6,IN,JJ,NNS,VOID
C6,NN,DT,NN,IN
C6,JJR,JJ,NNS,PP
C1,PP$,JJ,IN,NP
C5,VBD,VBG,IN,NP
C4,NN,IN,CC,NN
C2,IN,JJ,IN,NN
C6,IN,VBG,NNS,VBG
C6,IN,JJR,NNS,VOID
C5,DT,NN,IN,DT
C6,TO,VB,NNS,IN
C6,JJ,NP,NNS,VOID
C6,NN,CC,VOID,VOID
C5,DT,NN,MD,VB
C6,MD,VB,NNS,NN
C6,VBP,DT,NN,NN
C6,NNS,VBP,NNS,WDT
C6,NNS,IN,CC,NNS
C6,VBG,PP$,NNS,IN
C6,NNS,IN,CC,NNS
C6,VOID,VOID,NNS,RB
C5,VB,PP$,TO,NP
C5,VBG,DT,IN,NP
C1,DT,VBD,IN,VBG
C6,RP,JJ,NNS,VOID
C6,NNS,CC,NNS,IN
C6,CC,VBN,MD,VB
C6,CC,JJ,NNS,VBD
C1,JJ,NN,NNS,VBD
C6,IN,JJR,NNS,NNS
C1,RB,VBN,IN,IN
C1,JJ,JJ,VOID,VOID
C1,NN,POS,IN,DT
C6,IN,DT,NN,NN
C6,MD,VB,NNS,DT
C1,JJ,JJ,IN,DT
C1,DT,JJ,VBD,VBG
C1,VBD,DT,IN,DT
C6,NNS,IN,NNS,VOID
C6,VBD,JJ,NNS,RP
C6,JJR,NP,NNS,MD
C3,PP$,JJ,VBZ,DT
C1,VBP,VBN,IN,DT
C6,VB,PP$,NNS,IN
C6,AB,NN,NN,VOID
C6,AB,CC,CC,NNS
C5,CC,JJ,IN,DT
C6,NN,IN,NNS,IN
C6,VOID,JJ,NNS,RB
C6,TO,VB,NNS,IN
C6,CC,VBN,TO,NP
C5,VB,PP$,IN,NP
C6,JJ,JJ,NNS,IN
C3,AB,JJ,NNS,NP
C3,VBN,JJ,NNS,WDT
C6,CC,VB,NNS,VOID
C6,IN,JJ,NNS,JJ
C6,VOID,VOID,IN,DT
C6,DT,JJ,JJ,NNS
C6,NN,JJ,NN,NNS
C6,VBN,VBG,DT,NN
C6,RB,JJR,NNS,CC
C6,IN,VBG,NNS,VOID
C6,VBD,VBG,NNS,IN
C6,RB,JJ,NNS,VOID
C1,NN,IN,IN,VBG
C5,AB,NN,IN,DT
C6,JJ,JJ,NNS,IN
C6,AB,AB,NN,WDT
C6,TO,VB,NNS,VOID
C6,IN,DT,NN,RB
C6,TO,VB,NNS,TO
C6,NN,CC,NNS,IN
C5,VBN,NN,IN,NP
C6,VB,DT,NN,JJ
C6,DT,JJR,NNS,NNS
C6,IN,NNS,CC,JJ
C6,VBZ,IN,NNS,PP
C6,NN,IN,NNS,IN
C6,AB,AB,CC,JJ
C6,TO,VB,JJ,NP
C6,IN,DT,NN,VBZ
C6,AB,IN,NN,IN
C1,VBZ,VBN,IN,DT
C1,VBG,JJR,IN,DT
C1,NN,IN,VOID,VOID
C6,VOID,JJ,NN,NNS
C6,NNS,JJ,NNS,VBP
C6,DT,JJ,NNS,VBP
C6,IN,JJ,NNS,JJ
C6,IN,NN,NNS,IN
C6,JJ,IN,NNS,VBG
C6,CC,JJ,NNS,VBD
C1,VBD,NN,IN,IN
C1,VBD,NN,IN,NNS
C6,IN,JJ,NNS,VBZ
C6,IN,VBN,NN,NNS
C6,VOID,JJR,NNS,RB
C6,IN,NP,NNS,NN
C6,TO,VB,NNS,IN
C2,IN,JJ,TO,DT
C4,DT,JJ,RB,IN
C5,VBN,NN,VBZ,IN
C6,DT,JJ,NN,VBD
C1,IN,JJ,CC,NN
C6,TO,VBG,NNS,JJ
C6,VBD,JJ,NNS,TO
C6,VOID,JJ,NNS,VBP
C6,VB,PP$,NN,VOID
C6,CC,JJ,NNS,VBD
C1,CC,PP$,IN,VBG
C1,NP,POS,IN,VBG
C6,VOID,JJ,NNS,VBD
C6,MD,VB,NNS,TO
C5,DT,JJ,CC,DT
C6,RB,VB,NNS,RB
C1,VBZ,DT,IN,JJ
C5,AB,NN,IN,NP
C5,PP$,JJ,IN,NP
C6,VOID,JJ,NNS,IN
C6,NN,CC,NNS,VBG
C1,CC,JJR,IN,NN
C6,TO,VB,NNS,IN
C5,VOID,DT,IN,NP
C1,PP$,JJ,IN,NN
C1,IN,JJ,VOID,VOID
C6,VOID,JJS,NN,NNS
C6,NN,IN,VOID,VOID
C6,NN,CC,IN,DT
C6,JJ,JJ,NNS,RB
C5,VBZ,DT,RB,PP
C6,CC,JJ,NNS,CC
C5,AB,NN,IN,NP
C1,NNS,IN,IN,JJ
C1,DT,NN,IN,DT
C6,NN,POS,NN,VOID
C6,VBG,JJ,VOID,VOID
C6,NN,POS,NNS,VOID
C5,POS,NN,IN,DT
C6,NNS,IN,CC,NN
C1,VBN,JJ,IN,NN
C6,NN,IN,NN,NNS
C6,TO,VB,NNS,VBG
C6,CC,VBP,IN,AB
C6,VB,DT,NN,JJ
C5,AB,NN,RB,VOID
C6,AB,IN,NNS,IN
C6,CC,JJ,IN,NP
C6,VBN,JJ,JJ,NP
C5,AB,NN,IN,NP
C1,VB,JJR,IN,VBN
C1,DT,JJ,IN,JJ
C1,IN,PP$,IN,DT
C6,TO,VB,NNS,IN
C1,PP,VBD,VOID,VOID
C6,VBD,VBG,NNS,RBR
C6,VBG,JJ,NNS,TO
C5,DT,NN,IN,DT
C1,IN,NN,VOID,VOID
C1,VBZ,VBN,IN,VBG
C6,VBD,DT,NN,JJ
C6,VBD,DT,IN,PP$
C6,DT,JJ,JJ,NP
C6,TO,VB,NNS,IN
C6,IN,NP,NNS,TO
C6,CC,JJ,NNS,IN
C6,NP,NN,NN,IN
C6,NNS,IN,NNS,IN
C3,VB,JJ,NNS,IN
C6,NN,IN,VBN,IN
C6,JJ,JJ,NNS,IN
C5,AB,NN,IN,NP
C1,VBD,DT,VBG,NP
C6,TO,VB,NNS,IN
C6,IN,PP$,NNS,VBD
C1,VBP,DT,IN,VBG
C6,DT,JJR,NN,VOID
C6,PP$,JJ,NNS,VOID
C6,DT,JJ,NNS,VBN
C6,TO,VB,NNS,IN
C6,NN,IN,NNS,CC
C6,AB,IN,NNS,DT
C6,VB,PP$,NN,VOID
C6,IN,DT,PP,VBP
C5,VB,PP$,IN,NN
C1,IN,PP$,IN,VBG
C6,CC,JJR,NNS,VOID
C6,RB,JJ,NNS,VBP
C6,JJ,NN,NNS,RB
C1,VBP,VBN,IN,VBG
C1,VBZ,VBG,IN,JJ
C1,VBZ,VBN,IN,DT
C6,DT,JJ,NN,RB
C5,AB,NN,IN,DT
C1,IN,VBN,IN,NN
C6,DT,JJ,NN,JJ
C6,WRB,DT,VBD,VBN
C6,RB,IN,NN,NNS
C6,VOID,VOID,NNS,RB
C1,VBP,VBN,IN,VBG
C1,NNS,IN,VBP,JJ
C1,JJ,NN,IN,DT
C5,AB,NN,IN,NP
C6,NN,CC,NNS,IN
C1,RP,JJ,IN,DT
C1,NN,POS,IN,DT
C6,VB,PP$,NNS,VOID
C6,NN,IN,NNS,CC
C6,NN,IN,NNS,CC
C6,TO,VB,NNS,MD
C6,NN,IN,NNS,IN
C1,NN,IN,VOID,VOID
C6,VOID,JJR,NNS,CC
C6,IN,JJR,NNS,IN
C4,NP,JJ,VOID,VOID
C5,IN,JJ,IN,NP
